기준연월,계층,터미널,부두군,당월_천TEU,누계_천TEU,전년당월_천TEU,전년누계_천TEU,전년연간_천TEU,전년대비_당월_%,전년대비_누계_%,표모양
2025-10,합계,컨테이너 합계,,279.0,2839.0,298.0,2953.0,3558.0,-6.3,-3.9,평월
2025-10,부두군,신항,신항,177.0,1850.0,187.0,1957.0,2357.0,-5.3,-5.5,평월
2025-10,터미널,SNCT,신항,87.0,904.0,91.0,938.0,1128.0,-5.1,-3.6,평월
2025-10,터미널,HJIT,신항,91.0,945.0,96.0,1019.0,1230.0,-5.5,-7.2,평월
2025-10,부두군,남항,남항,65.0,614.0,68.0,632.0,753.0,-4.4,-2.8,평월
2025-10,터미널,E1CT,남항,24.0,218.0,24.0,220.0,264.0,1.0,-0.6,평월
2025-10,터미널,ICT,남항,41.0,396.0,44.0,413.0,488.0,-7.3,-4.0,평월
2025-10,터미널,IPT,국제여객부두,37.0,375.0,43.0,364.0,447.0,-13.6,3.0,평월
2025-10,그 외,그 외,,0.0,0.0,0.0,0.0,1.0,,,평월
2025-11,합계,컨테이너 합계,,303.0,3142.0,284.0,3237.0,3558.0,6.8,-2.9,평월
2025-11,부두군,신항,신항,195.0,2045.0,187.0,2144.0,2357.0,4.4,-4.6,평월
2025-11,터미널,SNCT,신항,91.0,995.0,86.0,1024.0,1128.0,6.0,-2.8,평월
2025-11,터미널,HJIT,신항,105.0,1050.0,101.0,1120.0,1230.0,3.1,-6.3,평월
2025-11,부두군,남항,남항,66.0,680.0,57.0,689.0,753.0,15.1,-1.3,평월
2025-11,터미널,E1CT,남항,28.0,246.0,22.0,242.0,264.0,25.8,1.8,평월
2025-11,터미널,ICT,남항,38.0,434.0,35.0,448.0,488.0,8.4,-3.0,평월
2025-11,터미널,IPT,국제여객부두,42.0,416.0,39.0,403.0,447.0,6.1,3.3,평월
2025-12,합계,컨테이너 합계,,302.0,3444.0,322.0,3558.0,3558.0,-6.1,-3.2,평월
2025-12,부두군,신항,신항,193.0,2238.0,213.0,2357.0,2357.0,-9.6,-5.1,평월
2025-12,터미널,SNCT,신항,84.0,1079.0,104.0,1128.0,1128.0,-19.8,-4.3,평월
2025-12,터미널,HJIT,신항,109.0,1159.0,109.0,1230.0,1230.0,0.1,-5.7,평월
2025-12,부두군,남항,남항,72.0,752.0,63.0,753.0,753.0,13.3,-0.1,평월
2025-12,터미널,E1CT,남항,29.0,275.0,23.0,264.0,264.0,29.6,4.2,평월
2025-12,터미널,ICT,남항,43.0,477.0,41.0,488.0,488.0,4.3,-2.4,평월
2025-12,터미널,IPT,국제여객부두,38.0,454.0,44.0,447.0,447.0,-15.6,1.4,평월
2025-12,그 외,그 외,,,,1.0,1.0,1.0,-99.6,-95.9,평월
2026-01,합계,컨테이너 합계,,302.0,,293.0,,3444.0,3.0,,평월
2026-01,부두군,신항,신항,200.0,200.0,199.0,199.0,2238.0,0.5,0.5,1월(누계열 없음)
2026-01,터미널,SNCT,신항,95.0,95.0,100.0,100.0,1079.0,-5.3,-5.3,1월(누계열 없음)
2026-01,터미널,HJIT,신항,105.0,105.0,99.0,99.0,1159.0,6.3,6.3,1월(누계열 없음)
2026-01,부두군,남항,남항,64.0,64.0,59.0,59.0,752.0,8.9,8.9,1월(누계열 없음)
2026-01,터미널,E1CT,남항,27.0,27.0,23.0,23.0,275.0,17.0,17.0,1월(누계열 없음)
2026-01,터미널,ICT,남항,38.0,38.0,36.0,36.0,477.0,3.8,3.8,1월(누계열 없음)
2026-01,터미널,IPT,국제여객부두,38.0,38.0,35.0,35.0,454.0,7.1,7.1,1월(누계열 없음)
2026-01,그 외,그 외,,,,,,,,,1월(누계열 없음)
2026-02,합계,컨테이너 합계,,241.0,543.0,225.0,518.0,3444.0,7.1,4.8,평월
2026-02,부두군,신항,신항,161.0,361.0,148.0,347.0,2238.0,8.9,4.1,평월
2026-02,터미널,SNCT,신항,73.0,167.0,77.0,177.0,1079.0,-5.7,-5.4,평월
2026-02,터미널,HJIT,신항,89.0,194.0,71.0,170.0,1159.0,24.7,14.0,평월
2026-02,부두군,남항,남항,55.0,120.0,54.0,113.0,752.0,2.6,5.9,평월
2026-02,터미널,E1CT,남항,22.0,49.0,18.0,41.0,275.0,19.6,18.2,평월
2026-02,터미널,ICT,남항,33.0,71.0,35.0,72.0,477.0,-6.3,-1.2,평월
2026-02,터미널,IPT,국제여객부두,24.0,62.0,23.0,58.0,454.0,6.0,6.7,평월
2026-02,그 외,그 외,,,,,,,,,평월
2026-03,합계,컨테이너 합계,,270.0,813.0,286.0,804.0,3444.0,-5.4,1.1,평월
2026-03,부두군,신항,신항,179.0,540.0,185.0,532.0,2238.0,-3.2,1.5,평월
2026-03,터미널,SNCT,신항,82.0,249.0,88.0,265.0,1079.0,-6.8,-5.9,평월
2026-03,터미널,HJIT,신항,97.0,291.0,97.0,267.0,1159.0,0.0,8.9,평월
2026-03,부두군,남항,남항,58.0,177.0,62.0,175.0,752.0,-6.7,1.4,평월
2026-03,터미널,E1CT,남항,25.0,73.0,20.0,62.0,275.0,20.9,19.1,평월
2026-03,터미널,ICT,남항,33.0,104.0,42.0,113.0,477.0,-20.2,-8.2,평월
2026-03,터미널,IPT,국제여객부두,33.0,95.0,39.0,97.0,454.0,-14.0,-1.7,평월
2026-03,그 외,그 외,,,,,,,,,평월
2026-04,합계,컨테이너 합계,,302.0,1115.0,309.0,1114.0,3444.0,-2.3,0.1,평월
2026-04,부두군,신항,신항,203.0,744.0,202.0,734.0,2238.0,0.9,1.2,평월
2026-04,터미널,SNCT,신항,86.0,336.0,93.0,359.0,1079.0,-6.7,-6.4,평월
2026-04,터미널,HJIT,신항,117.0,408.0,109.0,376.0,1159.0,7.4,8.5,평월
2026-04,부두군,남항,남항,64.0,241.0,66.0,241.0,752.0,-3.2,0.2,평월
2026-04,터미널,E1CT,남항,25.0,98.0,20.0,82.0,275.0,23.9,20.3,평월
2026-04,터미널,ICT,남항,39.0,143.0,46.0,159.0,477.0,-15.1,-10.1,평월
2026-04,터미널,IPT,국제여객부두,34.0,130.0,42.0,139.0,454.0,-18.6,-6.8,평월
2026-04,그 외,그 외,,1.0,1.0,,,,,,평월
2026-05,합계,컨테이너 합계,,308.0,1424.0,301.0,1415.0,3446.0,2.3,0.6,평월
2026-05,부두군,신항,신항,212.0,956.0,200.0,934.0,2240.0,6.4,2.3,평월
2026-05,터미널,SNCT,신항,90.0,426.0,99.0,458.0,1081.0,-8.9,-6.9,평월
2026-05,터미널,HJIT,신항,122.0,530.0,101.0,476.0,1159.0,21.5,11.2,평월
2026-05,부두군,남항,남항,65.0,306.0,61.0,302.0,752.0,6.7,1.5,평월
2026-05,터미널,E1CT,남항,24.0,122.0,21.0,102.0,275.0,16.2,19.4,평월
2026-05,터미널,ICT,남항,41.0,184.0,40.0,199.0,477.0,1.8,-7.7,평월
2026-05,터미널,IPT,국제여객부두,31.0,161.0,41.0,180.0,454.0,-24.1,-10.7,평월
2026-05,그 외,그 외,,,1.0,,,,,,평월
2026-06,합계,컨테이너 합계,,289.0,1712.0,272.0,1687.0,3446.0,6.3,1.5,평월
2026-06,부두군,신항,신항,198.0,1154.0,176.0,1110.0,2240.0,12.7,4.0,평월
2026-06,터미널,SNCT,신항,83.0,509.0,86.0,544.0,1081.0,-2.9,-6.3,평월
2026-06,터미널,HJIT,신항,115.0,644.0,90.0,566.0,1159.0,27.7,13.9,평월
2026-06,부두군,남항,남항,63.0,369.0,59.0,360.0,752.0,7.5,2.5,평월
2026-06,터미널,E1CT,남항,24.0,147.0,23.0,125.0,275.0,7.2,17.3,평월
2026-06,터미널,ICT,남항,39.0,223.0,36.0,235.0,477.0,7.7,-5.3,평월
2026-06,터미널,IPT,국제여객부두,28.0,188.0,37.0,217.0,454.0,-26.0,-13.3,평월
2026-06,그 외,그 외,,,1.0,,,,,,평월
2026-07,합계,컨테이너 합계,,282.0,1995.0,280.0,1967.0,3446.0,0.9,1.4,평월
2026-07,부두군,신항,신항,184.0,1338.0,182.0,1292.0,2240.0,1.1,3.6,평월
2026-07,터미널,SNCT,신항,78.0,587.0,88.0,632.0,1081.0,-12.0,-7.1,평월
2026-07,터미널,HJIT,신항,107.0,751.0,94.0,660.0,1159.0,13.4,13.8,평월
2026-07,부두군,남항,남항,66.0,436.0,57.0,417.0,752.0,16.7,4.4,평월
2026-07,터미널,E1CT,남항,23.0,170.0,21.0,146.0,275.0,12.0,16.5,평월
2026-07,터미널,ICT,남항,43.0,266.0,36.0,272.0,477.0,19.3,-2.1,평월
2026-07,터미널,IPT,국제여객부두,32.0,220.0,41.0,258.0,454.0,-21.9,-14.7,평월
2026-07,그 외,그 외,,,1.0,,,,,,평월
