기준연월,첨부URL,바이트,SHA256_앞16
2023-03,https://incheon.mof.go.kr/boardFileDown.do?file_idx=102941,91138,91FC1373120DD7F9
2023-04,https://incheon.mof.go.kr/boardFileDown.do?file_idx=103670,93131,A80CBB27AA7F6BC0
2023-05,https://incheon.mof.go.kr/boardFileDown.do?file_idx=104428,90781,11ACA2346AF9B05E
2023-06,https://incheon.mof.go.kr/boardFileDown.do?file_idx=104967,90198,69F0872E7DC0EB11
2023-07,https://incheon.mof.go.kr/boardFileDown.do?file_idx=105551,89735,76773F678E73FB7E
2023-08,https://incheon.mof.go.kr/boardFileDown.do?file_idx=106299,106261,5CC84DF37A3C8FC7
2023-09,https://incheon.mof.go.kr/boardFileDown.do?file_idx=106791,88936,EA5C06FB2B2CFD6B
2023-10,https://incheon.mof.go.kr/boardFileDown.do?file_idx=107419,107633,7E0B9AD7AD121CCB
2023-11,https://incheon.mof.go.kr/boardFileDown.do?file_idx=108015,92956,417169E347BE46AF
2024-02,https://incheon.mof.go.kr/boardFileDown.do?file_idx=110495,89920,F2E6B41C280C77CC
2024-03,https://incheon.mof.go.kr/boardFileDown.do?file_idx=111402,98914,BE2F31AB7EC9F1A7
2024-04,https://incheon.mof.go.kr/boardFileDown.do?file_idx=112026,101412,1A9F2E4755AF010C
2024-05,https://incheon.mof.go.kr/boardFileDown.do?file_idx=112832,101707,B6E5B1081251BACF
2024-06,https://incheon.mof.go.kr/boardFileDown.do?file_idx=113548,103463,7DE01A1E4180F131
2024-07,https://incheon.mof.go.kr/boardFileDown.do?file_idx=114052,103573,463B7AB0986CE72B
2024-08,https://incheon.mof.go.kr/boardFileDown.do?file_idx=114640,101968,A377756F97EEC43A
2024-09,https://incheon.mof.go.kr/boardFileDown.do?file_idx=115128,103971,46CFF1AFD1CE9220
2024-10,https://incheon.mof.go.kr/boardFileDown.do?file_idx=115748,100623,E1EE7ED990A4C955
2024-11,https://incheon.mof.go.kr/boardFileDown.do?file_idx=116501,102218,FA5B3820A8A1C6FE
2024-12,https://incheon.mof.go.kr/boardFileDown.do?file_idx=117068,103747,3A29BA22014A8E31
2025-01,https://incheon.mof.go.kr/boardFileDown.do?file_idx=117668,83029,FCB4B49560FCFD3C
2025-02,https://incheon.mof.go.kr/boardFileDown.do?file_idx=118421,101405,B2EDA22640D628B2
2025-03,https://incheon.mof.go.kr/boardFileDown.do?file_idx=119218,100423,1407263EF964C291
2025-04,https://incheon.mof.go.kr/boardFileDown.do?file_idx=119990,103198,FBD87EA00D0708E5
2025-05,https://incheon.mof.go.kr/boardFileDown.do?file_idx=157757,98324,AFF296E6F822A25D
2025-06,https://incheon.mof.go.kr/boardFileDown.do?file_idx=158560,100126,079CA9D5E0E008B6
2025-07,https://incheon.mof.go.kr/boardFileDown.do?file_idx=159412,100243,BF304877D5E6613F
2025-08,https://incheon.mof.go.kr/boardFileDown.do?file_idx=160505,99087,3A840FE127FA7981
2025-09,https://incheon.mof.go.kr/boardFileDown.do?file_idx=160506,99247,61CFB4A4AFC65E2A
2025-10,https://incheon.mof.go.kr/boardFileDown.do?file_idx=161451,98864,085B28DF6C5F9106
2025-11,https://incheon.mof.go.kr/boardFileDown.do?file_idx=162161,99082,56616117444C5ED3
2025-12,https://incheon.mof.go.kr/boardFileDown.do?file_idx=163141,133559,E4A6E815E5E90761
2026-01,https://incheon.mof.go.kr/boardFileDown.do?file_idx=164016,113426,F69D577255C25409
2026-02,https://incheon.mof.go.kr/boardFileDown.do?file_idx=164886,127862,6B196AE50235CB97
2026-03,https://incheon.mof.go.kr/boardFileDown.do?file_idx=165837,130905,28434D40E641FA9D
2026-04,https://incheon.mof.go.kr/boardFileDown.do?file_idx=166802,130915,3AEC909DC2250603
2026-05,https://incheon.mof.go.kr/boardFileDown.do?file_idx=167538,129694,5AEA884DC4BDE439
2026-06,https://incheon.mof.go.kr/boardFileDown.do?file_idx=168202,133666,600AB6FC5A5510EC
2026-07,https://incheon.mof.go.kr/boardFileDown.do?file_idx=168991,133633,A0AB935DEAB97570
