코드,이름,개소,면적합_m2,냉동냉장면적_m2,개소·관세법,개소·물류시설법,개소·물류시설법(항만),개소·수산식품산업법,개소·식품위생법,개소·축산물위생법,개소·화학물질관리법
28125,제물포구,157,3003885,68566,71,28,11,12,16,14,5
28275,서해구,141,2571042,182423,32,68,8,0,9,22,2
28155,영종구,67,536329,4947,8,39,0,1,9,7,3
28290,검단구,39,481196,28005,3,25,0,0,3,5,3
28185,연수구,28,1880858,0,18,2,7,0,0,0,1
28200,남동구,19,127066,0,3,6,0,0,5,4,1
28177,미추홀구,10,220668,5523,0,5,0,0,3,2,0
28245,계양구,10,39380,2867,0,6,0,1,2,1,0
28710,강화군,4,20871,2584,1,2,0,1,0,0,0
28237,부평구,3,2378,0,2,1,0,0,0,0,0
28720,옹진군,2,950,0,0,0,0,2,0,0,0
