코드,구,이름,개소,면적합_m2
28275109,서해구,원창동,94,1754597
28125125,제물포구,항동7가,84,2233115
28155103,영종구,운서동,57,424555
28125135,제물포구,신흥동3가,55,650841
28185106,연수구,송도동,28,1880858
28290108,검단구,오류동,20,356834
28200111,남동구,고잔동,17,126788
28275102,서해구,경서동,16,240088
28275110,서해구,가좌동,16,122860
28275108,서해구,석남동,13,428628
28125145,제물포구,북성동1가,11,38583
28177104,미추홀구,도화동,10,220668
28290104,검단구,당하동,10,67840
28155104,영종구,운북동,9,111543
28125101,제물포구,만석동,7,81345
28245104,계양구,서운동,5,6144
28245103,계양구,작전동,3,6923
28290107,검단구,금곡동,3,43281
28290109,검단구,왕길동,3,12930
28200102,남동구,간석동,2,278
28237104,부평구,청천동,2,958
28245101,계양구,효성동,2,26312
28275111,서해구,청라동,2,24870
28290106,검단구,대곡동,2,0
28155108,영종구,무의동,1,230
28237106,부평구,갈산동,1,1420
28290101,검단구,백석동,1,312
28710250,강화군,강화읍,1,480
28710330,강화군,길상면,1,14303
28710360,강화군,내가면,1,4246
28710370,강화군,하점면,1,1842
28720330,옹진군,백령면,1,329
28720360,옹진군,영흥면,1,621
